{"assets/500-fingerprint-security-outline.gif":["assets/500-fingerprint-security-outline.gif"],"assets/CMakeLists.txt":["assets/CMakeLists.txt"],"assets/PREMIER.gif":["assets/PREMIER.gif"],"assets/Rupees.png":["assets/Rupees.png"],"assets/a-solid.png":["assets/a-solid.png"],"assets/a.jpg":["assets/a.jpg"],"assets/all.png":["assets/all.png"],"assets/border-all-solid.png":["assets/border-all-solid.png"],"assets/c-solid.png":["assets/c-solid.png"],"assets/cart-shopping-solid.png":["assets/cart-shopping-solid.png"],"assets/cash.png":["assets/cash.png"],"assets/dp_default.png":["assets/dp_default.png"],"assets/f-solid.png":["assets/f-solid.png"],"assets/fmcg.png":["assets/fmcg.png"],"assets/fonts/Lalezar-Regular.ttf":["assets/fonts/Lalezar-Regular.ttf"],"assets/fonts/Merienda-Bold.ttf":["assets/fonts/Merienda-Bold.ttf"],"assets/fonts/MyFlutterApp.ttf":["assets/fonts/MyFlutterApp.ttf"],"assets/fonts/icomoon.ttf":["assets/fonts/icomoon.ttf"],"assets/growth.png":["assets/growth.png"],"assets/ic_launcher_round.png":["assets/ic_launcher_round.png"],"assets/ico2.png":["assets/ico2.png"],"assets/icon.png":["assets/icon.png"],"assets/login.jpg":["assets/login.jpg"],"assets/nodata.png":["assets/nodata.png"],"assets/p-solid.png":["assets/p-solid.png"],"assets/person-military-pointing-solid.png":["assets/person-military-pointing-solid.png"],"assets/person.jpg":["assets/person.jpg"],"assets/pharma.png":["assets/pharma.png"],"assets/pharma_icon.png":["assets/pharma_icon.png"],"assets/pills-solid.png":["assets/pills-solid.png"],"assets/png.png":["assets/png.png"],"assets/premierpulse.png":["assets/premierpulse.png"],"assets/pulsenewicon.png":["assets/pulsenewicon.png"],"assets/pulsenewiconwhite.png":["assets/pulsenewiconwhite.png"],"assets/pump-soap-solid.png":["assets/pump-soap-solid.png"],"assets/total_sales.png":["assets/total_sales.png"],"assets/vs.png":["assets/vs.png"],"assets/vs2.png":["assets/vs2.png"],"assets/whatsapp.png":["assets/whatsapp.png"],"fonts/Merienda-Regular.ttf":["fonts/Merienda-Regular.ttf"],"packages/cupertino_icons/assets/CupertinoIcons.ttf":["packages/cupertino_icons/assets/CupertinoIcons.ttf"],"packages/fluttertoast/assets/toastify.css":["packages/fluttertoast/assets/toastify.css"],"packages/fluttertoast/assets/toastify.js":["packages/fluttertoast/assets/toastify.js"]}